bird_id,brain_ug_g,brain_mass_mg,brain_mass_g,brain_ug_hg,gas_ug_g,gas_mass_mg,gas_mass_g,gas_ug_hg,gi_ug_g,gi_mass_mg,gi_mass_g,gi_ug_hg,heart_ug_g,heart_mass_mg,heart_mass_g,heart_ug_hg,liver_ug_g,liver_mass_mg,liver_mass_g,liver_ug_hg,pec_ug_g,pec_mass_mg,pec_mass_g,pec_ug_hg,wb_ug_g,wb_mass_mg,wb_mass_g,wb_ug_hg,lung_ug_g,lung_mass_mg,lung_mass_g,lung_ug_hg,testes_ug_g,testes_mass_mg,testes_mass_g,testes_ug_hg,sum hg content_ug,sum dry mass_g,total body burden ug_g,sex,age
1,0.488,NA,NA,NA,0.383,311.9,0.312,0.119496,0.232,1940.3,1.9403,0.4501496,0.384,253.3,0.2533,0.0972672,0.708,494.6,0.4946,0.3501768,0.218,1746.7,1.7467,0.3807806,0.183,11645.9,11.6459,2.1311997,NA,NA,NA,NA,NA,NA,NA,NA,3.5290699,16.3928,0.215281703,F,asy
2,0.265,139.8,0.14,0.0371,0.107,299.8,0.3,0.0321,0.214,622.3,0.6223,0.1331722,0.241,254.6,0.2546,0.0613586,0.344,335.1,0.3351,0.1152744,0.147,2428.5,2.4285,0.3569895,0.098,23560.7,23.5607,2.3089486,NA,NA,NA,NA,NA,NA,NA,NA,3.0449433,27.6412,0.110159591,F,asy
3,0.334,201.3,0.201,0.067134,0.336,274,0.274,0.092064,0.324,484.6,0.4846,0.1570104,0.293,243.8,0.2438,0.0714334,0.706,229.4,0.2294,0.1619564,0.197,2028,2.028,0.399516,0.137,2020.2,2.0202,0.2767674,NA,NA,NA,NA,NA,32.9,0.0329,NA,1.2258816,5.5139,0.222325686,M,asy
4,0.585,149,0.149,0.087165,0.373,214.6,0.215,0.080195,NA,NA,NA,NA,0.514,186.1,0.1861,0.0956554,NA,NA,NA,NA,0.721,843.9,0.8439,0.6084519,0.37,6389.2,6.3892,2.364004,NA,NA,NA,NA,NA,NA,NA,NA,3.2354713,7.7832,0.415699365,F,asy
5,0.468,137.3,0.137,0.064116,0.53,190.6,0.191,0.10123,0.234,1503.7,1.5037,0.3518658,0.296,135.6,0.1356,0.0401376,0.879,205.7,0.2057,0.1808103,0.474,683.1,0.6831,0.3237894,0.313,5857.1,5.8571,1.8332723,NA,NA,NA,NA,NA,NA,NA,NA,2.8952214,8.7132,0.33227992,M,asy
6,0.369,139.1,0.139,0.051291,0.245,146.9,0.147,0.036015,0.183,1477.9,1.4779,0.2704557,0.396,161.8,0.1618,0.0640728,0.433,163.3,0.1633,0.0707089,0.31,759.4,0.7594,0.235414,0.219,6083.2,6.0832,1.3322208,NA,NA,NA,NA,NA,NA,NA,NA,2.0601782,8.9316,0.230661718,M,asy
7,0.689,147.2,0.147,0.101283,0.51,206.6,0.207,0.10557,0.269,1417.7,1.4177,0.3813613,0.678,135.3,0.1353,0.0917334,1.105,189.2,0.1892,0.209066,0.139,1096.9,1.0969,0.1524691,0.394,5850.2,5.8502,2.3049788,NA,NA,NA,NA,NA,32,0.032,NA,3.3464616,9.0753,0.368743909,M,asy
8,0.389,104.5,0.105,0.040845,0.288,170.2,0.17,0.04896,0.243,1424.4,1.4244,0.3461292,0.333,143.6,0.1436,0.0478188,0.517,284.8,0.2848,0.1472416,0.207,775,0.775,0.160425,0.246,5888.8,5.8888,1.4486448,NA,NA,NA,NA,NA,NA,NA,NA,2.2400644,8.7916,0.254795987,F,asy
9,0.441,122.6,0.123,0.054243,0.226,176.6,0.177,0.040002,0.198,1032.2,1.0322,0.2043756,0.428,140.4,0.1404,0.0600912,0.822,166.3,0.1663,0.1366986,0.379,1051.8,1.0518,0.3986322,0.185,5742.3,5.7423,1.0623255,NA,NA,NA,NA,NA,NA,NA,NA,1.9563681,8.433,0.231989577,M,asy
11,0.87,114.4,0.114,0.09918,0.678,137.2,0.137,0.092886,0.321,792.9,0.7929,0.2545209,0.776,132.7,0.1327,0.1029752,1.242,217.7,0.2177,0.2703834,0.61,807.6,0.8076,0.492636,0.514,6282.4,6.2824,3.2291536,0.847,142.2,0.1422,0.1204434,NA,NA,NA,NA,4.6621785,8.6265,0.540448444,M,asy
12,0.029,76.1,0.076,0.002204,0.412,188.8,0.189,0.077868,0.404,1224.6,1.2246,0.4947384,0.192,167.9,0.1679,0.0322368,0.872,138.5,0.1385,0.120772,0.449,955,0.955,0.428795,0.22,6007.4,6.0074,1.321628,NA,NA,NA,NA,0.64,40.6,0.0406,0.025984,2.5042262,8.799,0.2846035,M,asy
13,0.299,126.7,0.127,0.037973,0.729,152,0.152,0.110808,0.722,946.8,0.9468,0.6835896,0.753,159.1,0.1591,0.1198023,1.043,158.4,0.1584,0.1652112,0.692,995.4,0.9954,0.6888168,0.625,5470.2,5.4702,3.418875,0.794,151.5,0.1515,0.120291,NA,NA,NA,NA,5.3453669,8.1604,0.655037363,F,asy
14,0.493,163.1,0.163,0.080359,0.375,160.7,0.161,0.060375,0.69,666.2,0.6662,0.459678,0.579,120.9,0.1209,0.0700011,0.757,148.7,0.1487,0.1125659,0.536,685,0.685,0.36716,0.384,5795.8,5.7958,2.2255872,0.518,93.4,0.0934,0.0483812,NA,NA,NA,NA,3.4241074,7.834,0.437082895,M,asy
15,0.597,174.2,0.174,0.103878,0.482,259.3,0.259,0.124838,0.277,1039.2,1.0392,0.2878584,0.519,128.4,0.1284,0.0666396,1.043,183.2,0.1832,0.1910776,0.593,850.5,0.8505,0.5043465,0.362,6429.3,6.4293,2.3274066,0.572,122.9,0.1229,0.0702988,NA,NA,NA,NA,3.6763435,9.1865,0.400189789,F,asy
16,0.439,137.7,0.138,0.060582,0.246,181.2,0.181,0.044526,0.457,1078.4,1.0784,0.4928288,0.361,120,0.12,0.04332,0.851,149.9,0.1499,0.1275649,0.332,1089.3,1.0893,0.3616476,0.173,5965.2,5.9652,1.0319796,0.358,87.7,0.0877,0.0313966,NA,NA,NA,NA,2.1938455,8.8095,0.249031784,M,asy
17,0.409,147.3,0.147,0.060123,0.713,185,0.185,0.131905,1.041,876.4,0.8764,0.9123324,0.745,125.1,0.1251,0.0931995,1.272,163.8,0.1638,0.2083536,0.792,918.3,0.9183,0.7272936,0.404,6071.4,6.0714,2.4528456,1.152,123,0.123,0.141696,NA,NA,NA,NA,4.7277487,8.61,0.549099733,F,asy
18,0.538,191.9,0.192,0.103296,0.593,245.3,0.245,0.145285,0.29,2218.8,2.2188,0.643452,0.613,234.5,0.2345,0.1437485,0.66,525.8,0.5258,0.347028,0.324,1825.1,1.8251,0.5913324,0.261,14346.7,14.3467,3.7444887,NA,NA,NA,NA,NA,NA,NA,NA,5.7186306,19.5879,0.2919471,F,sy
19,0.617,166.2,0.166,0.102422,0.416,278.5,0.279,0.116064,0.105,2625.6,2.6256,0.275688,0.611,279.3,0.2793,0.1706523,0.824,365.8,0.3658,0.3014192,0.364,1827.8,1.8278,0.6653192,0.176,14206.2,14.2062,2.5002912,0.651,237.5,0.2375,0.1546125,NA,NA,NA,NA,4.2864684,19.9872,0.214460675,F,asy
20,0.537,187.1,0.187,0.100419,0.622,198.5,0.199,0.123778,0.202,1972.6,1.9726,0.3984652,0.677,221.2,0.2212,0.1497524,0.746,498.5,0.4985,0.371881,0.326,1833.4,1.8334,0.5976884,0.236,10641.9,10.6419,2.5114884,0.802,224.3,0.2243,0.1798886,NA,NA,NA,NA,4.433361,15.7779,0.280985492,F,asy
21,0.401,210,0.21,0.08421,0.439,203.9,0.204,0.089556,0.339,1000.2,1.0002,0.3390678,0.241,200.3,0.2003,0.0482723,0.803,339,0.339,0.272217,0.313,1786.5,1.7865,0.5591745,0.226,7437.8,7.4378,1.6809428,0.351,177.1,0.1771,0.0621621,NA,NA,NA,NA,3.1356025,11.3549,0.276145321,M,asy
22,0.557,137.4,0.137,0.076309,0.559,147.8,0.148,0.082732,0.695,637.2,0.6372,0.442854,0.596,96.8,0.0968,0.0576928,0.727,122.7,0.1227,0.0892029,0.538,618.2,0.6182,0.3325916,0.322,5800.9,5.8009,1.8678898,0.583,108.9,0.1089,0.0634887,NA,NA,NA,NA,3.0127608,7.6697,0.392813383,F,asy
23,0.627,190.6,0.191,0.119757,0.745,174,0.174,0.12963,0.712,718.5,0.7185,0.511572,0.708,139.6,0.1396,0.0988368,1.308,112.1,0.1121,0.1466268,0.72,731.3,0.7313,0.526536,0.376,5752.7,5.7527,2.1630152,0.658,114.6,0.1146,0.0754068,NA,NA,NA,NA,3.7713806,7.9338,0.475356147,M,asy
24,0.379,163,0.163,0.061777,0.426,171.7,0.172,0.073272,0.385,816.4,0.8164,0.314314,0.389,143,0.143,0.055627,0.937,119.5,0.1195,0.1119715,0.544,771.3,0.7713,0.4195872,0.258,6312.6,6.3126,1.6286508,0.639,154.3,0.1543,0.0985977,NA,NA,NA,NA,2.7637972,8.6521,0.319436576,M,asy
25,0.452,184.5,0.185,0.08362,0.606,187,0.187,0.113322,0.746,762.5,0.7625,0.568825,0.604,127.9,0.1279,0.0772516,1.801,205.4,0.2054,0.3699254,0.641,1050.9,1.0509,0.6736269,0.43,6520,6.52,2.8036,0.828,124.1,0.1241,0.1027548,0.769,29.2,0.0292,0.0224548,4.8153805,9.192,0.52386646,M,asy
26,0.35,152.1,0.152,0.0532,0.35,158.7,0.159,0.05565,0.173,824.1,0.8241,0.1425693,0.361,135,0.135,0.048735,0.466,166,0.166,0.077356,NA,797.2,0.7972,NA,0.167,6292.7,6.2927,1.0508809,0.303,100.8,0.1008,0.0305424,NA,NA,NA,NA,1.4589336,8.6268,0.169116428,M,asy
27,0.322,124.5,0.125,0.04025,NA,177.5,0.178,NA,0.121,1224.8,1.2248,0.1482008,0.357,133.7,0.1337,0.0477309,0.541,275.7,0.2757,0.1491537,0.229,803.5,0.8035,0.1840015,0.185,13795.7,13.7957,2.5522045,0.31,111.6,0.1116,0.034596,NA,NA,NA,NA,3.1561374,16.648,0.189580574,M,asy
28,0.296,148.6,0.149,0.044104,0.326,176.1,0.176,0.057376,0.212,981.6,0.9816,0.2080992,0.317,171.4,0.1714,0.0543338,NA,184.4,0.1844,NA,0.27,798.7,0.7987,0.215649,0.249,6032.5,6.0325,1.5020925,0.508,96.8,0.0968,0.0491744,NA,NA,NA,NA,2.1308289,8.5904,0.248047693,F,asy
29,0.287,105,0.105,0.030135,0.45,166.7,0.167,0.07515,0.271,1043.3,1.0433,0.2827343,0.557,109.9,0.1099,0.0612143,0.888,149.5,0.1495,0.132756,0.803,864,0.864,0.693792,0.367,6498.7,6.4987,2.3850229,0.253,91.2,0.0912,0.0230736,NA,NA,NA,NA,3.6838781,9.0286,0.408023182,M,asy
30,0.335,137.6,0.138,0.04623,0.553,166.4,0.166,0.091798,0.277,1575.3,1.5753,0.4363581,0.595,199.7,0.1997,0.1188215,0.774,239.1,0.2391,0.1850634,0.319,1664.9,1.6649,0.5311031,0.214,14035.4,14.0354,3.0035756,NA,NA,NA,NA,NA,15.1,0.0151,NA,4.4129497,18.0335,0.244708443,M,asy
31,0.457,255.5,0.256,0.116992,0.321,299.9,0.3,0.0963,NA,2322.4,2.3224,NA,0.217,214.6,0.2146,0.0465682,0.821,444,0.444,0.364524,0.367,2639.2,2.6392,0.9685864,0.121,15360.1,15.3601,1.8585721,0.942,190.2,0.1902,0.1791684,0.567,74,0.074,0.041958,3.6726691,21.8005,0.168467196,M,sy
32,0.772,192.1,0.192,0.148224,0.418,294.8,0.295,0.12331,0.401,1365.3,1.3653,0.5474853,0.697,246.5,0.2465,0.1718105,1.012,259,0.259,0.262108,0.534,1805.7,1.8057,0.9642438,0.308,11232,11.232,3.459456,0.754,229.8,0.2298,0.1732692,NA,NA,NA,NA,5.8499068,15.6253,0.374386847,M,sy
33,NA,NA,NA,NA,0.401,169.4,0.169,0.067769,0.347,944,0.944,0.327568,0.489,176.1,0.1761,0.0861129,0.987,268.5,0.2685,0.2650095,0.358,808.3,0.8083,0.2893714,0.218,6337.2,6.3372,1.3815096,0.533,136.9,0.1369,0.0729677,NA,NA,NA,NA,2.4903081,8.84,0.281709061,F,asy
34,0.343,243.8,0.244,0.083692,0.359,266.9,0.267,0.095853,0.182,1310.9,1.3109,0.2385838,0.313,192.4,0.1924,0.0602212,0.772,295.4,0.2954,0.2280488,0.211,1932.2,1.9322,0.4076942,0.245,10092,10.092,2.47254,1.019,210.4,0.2104,0.2143976,NA,NA,NA,NA,3.8010306,14.5443,0.261341598,M,sy
35,0.343,191.8,0.192,0.065856,0.185,369.9,0.37,0.06845,0.422,1266.9,1.2669,0.5346318,0.354,131.4,0.1314,0.0465156,0.651,255,0.255,0.166005,0.112,1060.9,1.0609,0.1188208,0.154,8759.1,8.7591,1.3489014,NA,NA,NA,NA,NA,NA,NA,NA,2.3491806,12.0353,0.195190864,F,sy
36,1.086,173.4,0.173,0.187878,0.653,175.9,0.176,0.114928,1.128,947.7,0.9477,1.0690056,0.568,107.5,0.1075,0.06106,1.905,219,0.219,0.417195,0.843,800.1,0.8001,0.6744843,0.566,6451.8,6.4518,3.6517188,1.43,95.7,0.0957,0.136851,0.949,72.1,0.0721,0.0684229,6.3815436,9.0429,0.70569658,F,sy
37,0.426,115,0.115,0.04899,0.068,247.8,0.248,0.016864,0.201,2354.6,2.3546,0.4732746,0.253,282.8,0.2828,0.0715484,0.904,287,0.287,0.259448,0.284,1933.8,1.9338,0.5491992,0.143,13019.4,13.0194,1.8617742,0.399,NA,NA,NA,NA,NA,NA,NA,3.2810984,18.2406,0.179878864,F,asy
38,1.446,182.3,0.182,0.263172,0.437,200.9,0.201,0.087837,1.003,2042.6,2.0426,2.0487278,1.06,206.7,0.2067,0.219102,1.648,246.3,0.2463,0.4059024,0.7,1165.2,1.1652,0.81564,0.408,12868.1,12.8681,5.2501848,1.955,NA,NA,NA,NA,NA,NA,NA,9.090566,16.9119,0.53752482,F,sy
39,0.064,228.1,0.228,0.014592,0.445,247.9,0.248,0.11036,0.051,4610.1,4.6101,0.2351151,0.365,307.1,0.3071,0.1120915,0.476,493.7,0.4937,0.2350012,0.352,1763.1,1.7631,0.6206112,0.102,17972.2,17.9722,1.8331644,0.699,250.2,0.2502,0.1748898,NA,NA,NA,NA,3.3358252,25.8724,0.128933736,F,asy
40,0.2,210.1,0.21,0.042,0.31,319.5,0.32,0.0992,NA,2131.1,2.1311,NA,0.364,237.1,0.2371,0.0863044,0.623,334.5,0.3345,0.2083935,0.226,2228.8,2.2288,0.5037088,0.121,12604.1,12.6041,1.5250961,0.488,227.9,0.2279,0.1112152,NA,NA,NA,NA,2.575918,18.2935,0.140810561,M,asy
41,1.049,186.7,0.187,0.196163,0.603,170.8,0.171,0.103113,0.052,2793.8,2.7938,0.1452776,1.012,307.8,0.3078,0.3114936,1.446,267.2,0.2672,0.3863712,0.906,2160.9,2.1609,1.9577754,0.292,16251.6,16.2516,4.7454672,1.362,244.3,0.2443,0.3327366,NA,NA,NA,NA,8.1783976,22.3836,0.365374542,M,asy
42,0.607,201.4,0.201,0.122007,0.389,191,0.191,0.074299,0.4,1430.8,1.4308,0.57232,0.675,153.9,0.1539,0.1038825,1.387,150.6,0.1506,0.2088822,0.654,816.2,0.8162,0.5337948,0.323,6493.4,6.4934,2.0973682,0.814,155.4,0.1554,0.1264956,NA,NA,NA,NA,3.8390493,9.5923,0.40022198,F,asy
43,0.326,138.5,0.139,0.045314,0.876,114,0.114,0.099864,0.616,1270.6,1.2706,0.7826896,0.8,174.8,0.1748,0.13984,1.148,138.7,0.1387,0.1592276,0.566,607.8,0.6078,0.3440148,0.426,6126.9,6.1269,2.6100594,1.197,119.2,0.1192,0.1426824,NA,NA,NA,NA,4.3236918,8.691,0.497490715,F,sy
44,0.423,191,0.191,0.080793,0.242,186.5,0.187,0.045254,0.537,800.5,0.8005,0.4298685,0.3,141,0.141,0.0423,0.667,187.2,0.1872,0.1248624,0.279,977.3,0.9773,0.2726667,0.201,6612.4,6.6124,1.3290924,0.44,143.3,0.1433,0.063052,NA,NA,NA,NA,2.387889,9.2397,0.258437936,F,asy
45,0.556,159.1,0.159,0.088404,0.442,184.8,0.185,0.08177,0.628,767.1,0.7671,0.4817388,0.456,135.6,0.1356,0.0618336,0.646,160.4,0.1604,0.1036184,0.268,801.6,0.8016,0.2148288,0.257,6053.7,6.0537,1.5558009,0.447,109.6,0.1096,0.0489912,NA,NA,NA,NA,2.6369857,8.372,0.314976792,M,asy
46,0.921,193.4,0.193,0.177753,1.021,181.9,0.182,0.185822,0.889,688.8,0.6888,0.6123432,0.68,153,0.153,0.10404,NA,180.6,0.1806,NA,0.623,716.5,0.7165,0.4463795,0.414,5740.8,5.7408,2.3766912,0.983,140.2,0.1402,0.1378166,NA,NA,NA,NA,4.0408455,7.9949,0.505427898,F,asy
47,0.735,177.8,0.178,0.13083,0.797,166.9,0.167,0.133099,0.775,648.2,0.6482,0.502355,0.717,157.5,0.1575,0.1129275,1.641,155.2,0.1552,0.2546832,0.673,809.9,0.8099,0.5450627,0.374,5819.2,5.8192,2.1763808,0.638,148.9,0.1489,0.0949982,NA,NA,NA,NA,3.9503364,8.0839,0.488667153,F,asy
48,0.871,164.4,0.164,0.142844,0.647,158.4,0.158,0.102226,0.641,604.8,0.6048,0.3876768,0.723,120.4,0.1204,0.0870492,1.199,155,0.155,0.185845,0.97,656,0.656,0.63632,0.415,5534,5.534,2.29661,0.646,104.8,0.1048,0.0677008,NA,NA,NA,NA,3.9062718,7.497,0.521044658,F,asy
49,0.579,151.4,0.151,0.087429,0.426,170.1,0.17,0.07242,0.6,637.3,0.6373,0.38238,0.454,82.7,0.0827,0.0375458,0.946,138,0.138,0.130548,0.315,527.4,0.5274,0.166131,0.268,5517.2,5.5172,1.4786096,0.229,60.7,0.0607,0.0139003,NA,NA,NA,NA,2.3689637,7.2843,0.32521501,F,asy
50,0.842,204.4,0.204,0.171768,0.938,167,0.167,0.156646,0.941,645.6,0.6456,0.6075096,0.749,112,0.112,0.083888,1.17,128.1,0.1281,0.149877,0.762,507.7,0.5077,0.3868674,0.351,6046.6,6.0466,2.1223566,0.86,110.6,0.1106,0.095116,NA,NA,NA,NA,3.7740286,7.9216,0.476422516,F,asy
51,0.442,132.8,0.133,0.058786,0.422,214.4,0.214,0.090308,0.318,2258.1,2.2581,0.7180758,0.393,236,0.236,0.092748,1.06,245.9,0.2459,0.260654,0.247,1610.4,1.6104,0.3977688,0.164,11758.4,11.7584,1.9283776,0.259,NA,NA,NA,NA,NA,NA,NA,3.5467182,16.4558,0.215529977,F,asy
52,NA,NA,NA,NA,1.166,138.6,0.139,0.162074,1.231,808.3,0.8083,0.9950173,0.859,113.8,0.1138,0.0977542,1.364,124.5,0.1245,0.169818,0.912,620.7,0.6207,0.5660784,0.462,5731.2,5.7312,2.6478144,0.567,98.5,0.0985,0.0558495,NA,NA,NA,NA,4.6944058,7.636,0.614772892,M,asy
53,1.002,198.7,0.199,0.199398,0.85,216.5,0.217,0.18445,1.04,1011.1,1.0111,1.051544,0.825,119.8,0.1198,0.098835,1.565,168.3,0.1683,0.2633895,0.771,1150.9,1.1509,0.8873439,0.469,7087,7.087,3.323803,0.632,119.7,0.1197,0.0756504,NA,NA,NA,NA,6.0844138,10.0728,0.60404394,F,sy
54,1.079,190.8,0.191,0.206089,0.67,249.1,0.249,0.16683,0.385,1808.3,1.8083,0.6961955,0.914,273,0.273,0.249522,0.638,287.5,0.2875,0.183425,0.571,1572.1,1.5721,0.8976691,0.369,13688.1,13.6881,5.0509089,1.282,150,0.15,0.1923,NA,NA,NA,NA,7.6429395,18.219,0.419503787,F,sy
55,0.844,NA,NA,NA,0.719,116,0.116,0.083404,0.524,867.9,0.8679,0.4547796,0.973,208.1,0.2081,0.2024813,1.245,254.6,0.2546,0.316977,0.633,875.1,0.8751,0.5539383,0.437,6917.5,6.9175,3.0229475,0.92,163.6,0.1636,0.150512,1.396,33.3,0.0333,0.0464868,4.8315265,9.4361,0.512025784,M,asy
56,NA,NA,NA,NA,0.396,174.8,0.175,0.0693,0.148,2801.5,2.8015,0.414622,0.373,183,0.183,0.068259,0.697,251.5,0.2515,0.1752955,0.29,1978.1,1.9781,0.573649,0.11,16658.1,16.6581,1.832391,NA,NA,NA,NA,NA,NA,NA,NA,3.1335165,22.0472,0.14212764,M,asy
57,NA,213.1,0.213,NA,0.507,258.1,0.258,0.130806,0.253,4117.3,4.1173,1.0416769,0.479,238,0.238,0.114002,0.81,411.1,0.4111,0.332991,0.339,2128.6,2.1286,0.7215954,0.152,15822.9,15.8229,2.4050808,NA,NA,NA,NA,NA,15.7,0.0157,NA,4.7461521,23.2046,0.204534967,M,asy