Sample ID,Date,Time,Initial Sample Wt,Diluted To Vol.,Wt Units,Sample Prep Vol.,Vol Units,Analyte Name,Date,Time,Abs (Corr),RSD (Corr Abs),SD (Corr Abs),Conc (Calib),Conc (Samp),Reported Conc (Calib),Reported Conc (Samp),RSD (Conc),SD (Calib),SD (Samp),Units (Calib),Units (Samp),Repl No1,Date1,Time1,Repl No2,Date2,Time2,Repl No3,Date3,Time3
Calib Blank 1,12/11/2025,3:49:45 PM, , ,g, ,mL,Hg 253.7,12/11/2025,3:51:34 PM,-0.035008595,24.53822266,0.008590487, , ,[0.00], ,0,0, ,ug/L,ug/g,1,12/11/2025,3:50:32 PM,2,12/11/2025,3:51:03 PM,3,12/11/2025,3:51:34 PM
Calib Std 1,12/11/2025,3:52:15 PM, , ,g, ,mL,Hg 253.7,12/11/2025,3:54:05 PM,0.032742608,21.54543344,0.007054537, , ,[0.1], ,1.317089016e-006,1.317089016e-009, ,ug/L,ug/g,1,12/11/2025,3:53:05 PM,2,12/11/2025,3:53:35 PM,3,12/11/2025,3:54:05 PM
Calib Std 2,12/11/2025,3:54:47 PM, , ,g, ,mL,Hg 253.7,12/11/2025,3:56:38 PM,0.070425086,5.520121678,0.00388755, , ,[0.5], ,0,0, ,ug/L,ug/g,1,12/11/2025,3:55:37 PM,2,12/11/2025,3:56:07 PM,3,12/11/2025,3:56:38 PM
Calib Std 3,12/11/2025,3:57:20 PM, , ,g, ,mL,Hg 253.7,12/11/2025,3:59:10 PM,0.383740866,0.910408233,0.003493608, , ,[5], ,0,0, ,ug/L,ug/g,1,12/11/2025,3:58:10 PM,2,12/11/2025,3:58:40 PM,3,12/11/2025,3:59:10 PM
Calib Std 4,12/11/2025,3:59:52 PM, , ,g, ,mL,Hg 253.7,12/11/2025,4:01:44 PM,0.731335913,0.924082372,0.006758146, , ,[10], ,0,0, ,ug/L,ug/g,1,12/11/2025,4:00:43 PM,2,12/11/2025,4:01:13 PM,3,12/11/2025,4:01:44 PM
Reagent Blank 1,12/11/2025,4:03:09 PM, , ,g, ,mL,Hg 253.7,12/11/2025,4:03:58 PM,0.040296947, , ,0.195244791, ,0.195, , , , ,ug/L,ug/g,1,12/11/2025,4:03:58 PM,,,,,,
QAQC,12/11/2025,4:06:04 PM, , ,g, ,mL,Hg 253.7,12/11/2025,4:07:56 PM,0.094932058,11.0360131,0.010476714,0.90814, ,0.908, ,15.05310758,0.136703291, ,ug/L,ug/g,1,12/11/2025,4:06:55 PM,2,12/11/2025,4:07:26 PM,3,12/11/2025,4:07:56 PM
QAQC,12/11/2025,4:06:04 PM, , ,g, ,mL,Hg 253.7,12/11/2025,4:07:56 PM,0.094932058,11.0360131,0.010476714,0.90814, ,0.908, ,15.05310758,0.136703291, ,ug/L,ug/g,1,12/11/2025,4:06:55 PM,2,12/11/2025,4:07:26 PM,3,12/11/2025,4:07:56 PM
QAQC,12/11/2025,4:08:54 PM, , ,g, ,mL,Hg 253.7,12/11/2025,4:10:46 PM,0.102253922,1.320661329,0.001350428,1.003677851, ,1.004, ,1.755621774,0.017620787, ,ug/L,ug/g,1,12/11/2025,4:09:45 PM,2,12/11/2025,4:10:16 PM,3,12/11/2025,4:10:46 PM
27_lung,12/11/2025,4:11:29 PM,19.9, ,mg,20,mL,Hg 253.7,12/11/2025,4:13:18 PM,0.052666456,2.483891321,0.001308178,0.35664582,0.35843801,0.357,0.358,4.786118067,0.01706949,0.017155266,ug/L,ug/g,1,12/11/2025,4:12:18 PM,2,12/11/2025,4:12:48 PM,3,12/11/2025,4:13:18 PM
26_lung,12/11/2025,4:14:00 PM,20.2, ,mg,20,mL,Hg 253.7,12/11/2025,4:15:50 PM,0.052763672,1.558635496,0.000822393,0.357914328,0.354370622,0.358,0.354,2.998156883,0.010730833,0.010624587,ug/L,ug/g,1,12/11/2025,4:14:49 PM,2,12/11/2025,4:15:19 PM,3,12/11/2025,4:15:50 PM
26_gas,12/11/2025,4:16:31 PM,20.1, ,mg,20,mL,Hg 253.7,12/11/2025,4:18:22 PM,0.054025662,0.814364849,0.000439966,0.374381152,0.372518559,0.374,0.373,1.533412525,0.005740807,0.005712246,ug/L,ug/g,1,12/11/2025,4:17:21 PM,2,12/11/2025,4:17:51 PM,3,12/11/2025,4:18:22 PM
55_gas,12/11/2025,4:19:03 PM,20.4, ,mg,20,mL,Hg 253.7,12/11/2025,4:20:54 PM,0.076614627,1.679582058,0.001286806,0.669128702,0.656008532,0.669,0.656,2.509326231,0.016790622,0.016461394,ug/L,ug/g,1,12/11/2025,4:19:53 PM,2,12/11/2025,4:20:24 PM,3,12/11/2025,4:20:54 PM
36_gi,12/11/2025,4:21:36 PM,20.2, ,mg,20,mL,Hg 253.7,12/11/2025,4:23:27 PM,0.098405177,0.542795099,0.000534138,0.953458288,0.944018107,0.953,0.944,0.730980905,0.006969598,0.006900592,ug/L,ug/g,1,12/11/2025,4:22:27 PM,2,12/11/2025,4:22:57 PM,3,12/11/2025,4:23:27 PM
52_gi,12/11/2025,4:24:10 PM,20.5, ,mg,20,mL,Hg 253.7,12/11/2025,4:26:01 PM,0.104327694,1.237995089,0.001291572,1.030737054,1.005597126,1.031,1.006,1.635025412,0.016852813,0.016441769,ug/L,ug/g,1,12/11/2025,4:25:00 PM,2,12/11/2025,4:25:31 PM,3,12/11/2025,4:26:01 PM
17_brain,12/11/2025,4:26:44 PM,20.5, ,mg,20,mL,Hg 253.7,12/11/2025,4:28:34 PM,0.059626533,4.299139405,0.002563428,0.447462987,0.436549255,0.447,0.437,7.475114252,0.033448369,0.032632556,ug/L,ug/g,1,12/11/2025,4:27:33 PM,2,12/11/2025,4:28:04 PM,3,12/11/2025,4:28:34 PM
22_brain,12/11/2025,4:29:16 PM,19.9, ,mg,20,mL,Hg 253.7,12/11/2025,4:31:06 PM,0.067033522,1.450214939,0.00097213,0.544111587,0.546845816,0.544,0.547,2.331257815,0.012684644,0.012748386,ug/L,ug/g,1,12/11/2025,4:30:05 PM,2,12/11/2025,4:30:35 PM,3,12/11/2025,4:31:06 PM
21_liver,12/11/2025,4:31:47 PM,20.7, ,mg,20,mL,Hg 253.7,12/11/2025,4:33:38 PM,0.080867897,1.309098781,0.001058641,0.724626632,0.70012235,0.725,0.7,1.906286366,0.013813459,0.013346337,ug/L,ug/g,1,12/11/2025,4:32:37 PM,2,12/11/2025,4:33:07 PM,3,12/11/2025,4:33:38 PM
25_liver,12/11/2025,4:34:19 PM,20.6, ,mg,20,mL,Hg 253.7,12/11/2025,4:36:09 PM,0.134829238,1.10544446,0.001490462,1.428730282,1.387116779,1.429,1.387,1.361208404,0.019447997,0.01888155,ug/L,ug/g,1,12/11/2025,4:35:09 PM,2,12/11/2025,4:35:39 PM,3,12/11/2025,4:36:09 PM
QAQC,12/11/2025,4:36:51 PM, , ,g, ,mL,Hg 253.7,12/11/2025,4:38:43 PM,0.101330476,1.173853122,0.001189471,0.991628457, ,0.992, ,1.565159945,0.015520571, ,ug/L,ug/g,1,12/11/2025,4:37:42 PM,2,12/11/2025,4:38:13 PM,3,12/11/2025,4:38:43 PM
Standard blank,12/11/2025,4:39:26 PM, , ,g, ,mL,Hg 253.7,12/11/2025,4:41:16 PM,0.034843025,0.273569081,9.531974353e-005,0.124080389, ,0.124, ,1.00238275,0.00124376, ,ug/L,ug/g,1,12/11/2025,4:40:15 PM,2,12/11/2025,4:40:45 PM,3,12/11/2025,4:41:16 PM
40_pec,12/11/2025,4:41:57 PM,20.1, ,mg,20,mL,Hg 253.7,12/11/2025,4:43:48 PM,0.049894838,1.523226251,0.000760011,0.320480933,0.3188865,0.32,0.319,3.094366172,0.009916854,0.009867516,ug/L,ug/g,1,12/11/2025,4:42:47 PM,2,12/11/2025,4:43:18 PM,3,12/11/2025,4:43:48 PM
4_pec,12/11/2025,4:44:31 PM,19.5, ,mg,20,mL,Hg 253.7,12/11/2025,4:46:21 PM,0.0744763,0.869745207,0.000647754,0.641227171,0.657668894,0.641,0.658,1.318111309,0.008452088,0.008668808,ug/L,ug/g,1,12/11/2025,4:45:21 PM,2,12/11/2025,4:45:51 PM,3,12/11/2025,4:46:21 PM
44_lung,12/11/2025,4:47:04 PM,19.9, ,mg,20,mL,Hg 253.7,12/11/2025,4:48:56 PM,0.059726225,1.271106955,0.000759184,0.448763793,0.451018887,0.449,0.451,2.207411063,0.009906062,0.009955841,ug/L,ug/g,1,12/11/2025,4:47:55 PM,2,12/11/2025,4:48:26 PM,3,12/11/2025,4:48:56 PM
44_lung,12/11/2025,4:47:04 PM,19.9, ,mg,20,mL,Hg 253.7,12/11/2025,4:48:56 PM,0.059726225,1.271106955,0.000759184,0.448763793,0.451018887,0.449,0.451,2.207411063,0.009906062,0.009955841,ug/L,ug/g,1,12/11/2025,4:47:55 PM,2,12/11/2025,4:48:26 PM,3,12/11/2025,4:48:56 PM
Standard blank,12/11/2025,4:49:39 PM, , ,g, ,mL,Hg 253.7,12/11/2025,4:51:29 PM,0.039298441,19.12834894,0.007517143,0.182215985, ,0.182, ,53.82948209,0.098085921, ,ug/L,ug/g,1,12/11/2025,4:50:29 PM,2,12/11/2025,4:50:59 PM,3,12/11/2025,4:51:29 PM
Standard blank,12/11/2025,4:49:39 PM, , ,g, ,mL,Hg 253.7,12/11/2025,4:51:29 PM,0.039298441,19.12834894,0.007517143,0.182215985, ,0.182, ,53.82948209,0.098085921, ,ug/L,ug/g,1,12/11/2025,4:50:29 PM,2,12/11/2025,4:50:59 PM,3,12/11/2025,4:51:29 PM
Calib Blank 1,12/11/2025,4:55:21 PM, , ,g, ,mL,Hg 253.7,12/11/2025,4:57:11 PM,-0.000252836,62.24501555,0.000157378, , ,[0.00], ,0,0, ,ug/L,ug/g,1,12/11/2025,4:56:11 PM,2,12/11/2025,4:56:41 PM,3,12/11/2025,4:57:11 PM
Calib Std 1,12/11/2025,4:57:52 PM, , ,g, ,mL,Hg 253.7,12/11/2025,4:59:42 PM,0.006518672,12.44681714,0.000811367, , ,[0.1], ,1.317089016e-006,1.317089016e-009, ,ug/L,ug/g,1,12/11/2025,4:58:42 PM,2,12/11/2025,4:59:12 PM,3,12/11/2025,4:59:42 PM
Calib Std 2,12/11/2025,5:00:24 PM, , ,g, ,mL,Hg 253.7,12/11/2025,5:02:14 PM,0.035701094,4.150536054,0.001481787, , ,[0.5], ,0,0, ,ug/L,ug/g,1,12/11/2025,5:01:13 PM,2,12/11/2025,5:01:44 PM,3,12/11/2025,5:02:14 PM
Calib Std 3,12/11/2025,5:02:56 PM, , ,g, ,mL,Hg 253.7,12/11/2025,5:04:47 PM,0.343715805,1.567304289,0.005387073, , ,[5], ,0,0, ,ug/L,ug/g,1,12/11/2025,5:03:46 PM,2,12/11/2025,5:04:17 PM,3,12/11/2025,5:04:47 PM
Calib Std 4,12/11/2025,5:05:29 PM, , ,g, ,mL,Hg 253.7,12/11/2025,5:07:20 PM,0.682237337,1.411233359,0.009627961, , ,[10], ,0,0, ,ug/L,ug/g,1,12/11/2025,5:06:19 PM,2,12/11/2025,5:06:50 PM,3,12/11/2025,5:07:20 PM
Reagent Blank 1,12/11/2025,5:08:06 PM, , ,g, ,mL,Hg 253.7,12/11/2025,5:09:56 PM,0.000450908,962.279763,0.004338992,0.012107614, ,0.012, ,514.9463427,0.062347714, ,ug/L,ug/g,1,12/11/2025,5:08:55 PM,2,12/11/2025,5:09:25 PM,3,12/11/2025,5:09:56 PM
QAQC,12/11/2025,5:10:37 PM, , ,g, ,mL,Hg 253.7,12/11/2025,5:12:29 PM,0.066219108,3.711040614,0.002457418,0.957142135, ,0.957, ,3.689217947,0.035311059, ,ug/L,ug/g,1,12/11/2025,5:11:29 PM,2,12/11/2025,5:11:59 PM,3,12/11/2025,5:12:29 PM
27_lung,12/11/2025,5:13:12 PM,19.9, ,mg,20,mL,Hg 253.7,12/11/2025,5:15:02 PM,0.018244118,4.241165819,0.000773763,0.25567369,0.256958483,0.256,0.257,4.348643526,0.011118337,0.011174208,ug/L,ug/g,1,12/11/2025,5:14:01 PM,2,12/11/2025,5:14:31 PM,3,12/11/2025,5:15:02 PM
26_lung,12/11/2025,5:15:43 PM,20.2, ,mg,20,mL,Hg 253.7,12/11/2025,5:17:33 PM,0.018121652,4.037333628,0.000731632,0.253913953,0.251399953,0.254,0.251,4.140354982,0.010512939,0.01040885,ug/L,ug/g,1,12/11/2025,5:16:33 PM,2,12/11/2025,5:17:03 PM,3,12/11/2025,5:17:33 PM
26_gas,12/11/2025,5:18:14 PM,20.1, ,mg,20,mL,Hg 253.7,12/11/2025,5:20:05 PM,0.020503777,2.205615405,0.000452234,0.288143107,0.286709559,0.288,0.287,2.25521073,0.006498234,0.006465905,ug/L,ug/g,1,12/11/2025,5:19:04 PM,2,12/11/2025,5:19:34 PM,3,12/11/2025,5:20:05 PM
55_gas,12/11/2025,5:20:47 PM,20.4, ,mg,20,mL,Hg 253.7,12/11/2025,5:22:37 PM,0.040535103,1.984888867,0.000804577,0.575976663,0.564683003,0.576,0.565,2.007216901,0.011561101,0.011334413,ug/L,ug/g,1,12/11/2025,5:21:37 PM,2,12/11/2025,5:22:07 PM,3,12/11/2025,5:22:37 PM
36_gi,12/11/2025,5:23:19 PM,20.2, ,mg,20,mL,Hg 253.7,12/11/2025,5:25:10 PM,0.061810788,0.407718904,0.000252014,0.881690621,0.872961011,0.882,0.873,0.410715056,0.003621236,0.003585382,ug/L,ug/g,1,12/11/2025,5:24:10 PM,2,12/11/2025,5:24:40 PM,3,12/11/2025,5:25:10 PM
52_gi,12/11/2025,5:25:53 PM,20.5, ,mg,20,mL,Hg 253.7,12/11/2025,5:27:44 PM,0.068251663,1.692165816,0.001154931,0.974240649,0.950478682,0.974,0.95,1.703419529,0.016595405,0.016190639,ug/L,ug/g,1,12/11/2025,5:26:43 PM,2,12/11/2025,5:27:14 PM,3,12/11/2025,5:27:44 PM
17_brain,12/11/2025,5:28:27 PM,20.5, ,mg,20,mL,Hg 253.7,12/11/2025,5:30:17 PM,0.024027344,3.117385417,0.000749025,0.338773842,0.330511065,0.339,0.331,3.177006493,0.010762867,0.010500358,ug/L,ug/g,1,12/11/2025,5:29:16 PM,2,12/11/2025,5:29:47 PM,3,12/11/2025,5:30:17 PM
22_brain,12/11/2025,5:30:59 PM,19.9, ,mg,20,mL,Hg 253.7,12/11/2025,5:32:49 PM,0.031116362,5.396637341,0.001679237,0.440637166,0.442851423,0.441,0.443,5.475989965,0.024129247,0.0242505,ug/L,ug/g,1,12/11/2025,5:31:48 PM,2,12/11/2025,5:32:19 PM,3,12/11/2025,5:32:49 PM
21_liver,12/11/2025,5:33:31 PM,20.7, ,mg,20,mL,Hg 253.7,12/11/2025,5:35:20 PM,0.045659626,4.834030641,0.0022072,0.649611808,0.627644259,0.65,0.628,4.882244808,0.031715639,0.030643129,ug/L,ug/g,1,12/11/2025,5:34:20 PM,2,12/11/2025,5:34:50 PM,3,12/11/2025,5:35:20 PM
25_liver,12/11/2025,5:36:02 PM,20.6, ,mg,20,mL,Hg 253.7,12/11/2025,5:37:53 PM,0.099347652,1.04142171,0.001034628,1.421064229,1.379674009,1.421,1.38,1.046169944,0.014866747,0.014433735,ug/L,ug/g,1,12/11/2025,5:36:52 PM,2,12/11/2025,5:37:23 PM,3,12/11/2025,5:37:53 PM
QAQC,12/11/2025,5:38:35 PM, , ,g, ,mL,Hg 253.7,12/11/2025,5:40:27 PM,0.073645634,1.756676638,0.001293716,1.063855148, ,1.064, ,1.74738274,0.018589621, ,ug/L,ug/g,1,12/11/2025,5:39:26 PM,2,12/11/2025,5:39:56 PM,3,12/11/2025,5:40:27 PM
Standard blank,12/11/2025,5:41:10 PM, , ,g, ,mL,Hg 253.7,12/11/2025,5:42:59 PM,0.000203127,216.8769147,0.000440536,0.008547215, ,0.009, ,74.06079055,0.006330135, ,ug/L,ug/g,1,12/11/2025,5:41:59 PM,2,12/11/2025,5:42:29 PM,3,12/11/2025,5:42:59 PM
40_pec,12/11/2025,5:43:41 PM,20.1, ,mg,20,mL,Hg 253.7,12/11/2025,5:45:31 PM,0.013952769,5.885827999,0.000821236,0.194010558,0.193045332,0.194,0.193,6.082390823,0.01180048,0.011741772,ug/L,ug/g,1,12/11/2025,5:44:31 PM,2,12/11/2025,5:45:01 PM,3,12/11/2025,5:45:31 PM
4_pec,12/11/2025,5:46:14 PM,19.5, ,mg,20,mL,Hg 253.7,12/11/2025,5:48:05 PM,0.038936138,3.353808641,0.001305844,0.553000859,0.567180368,0.553,0.567,3.393103131,0.018763889,0.019245015,ug/L,ug/g,1,12/11/2025,5:47:04 PM,2,12/11/2025,5:47:34 PM,3,12/11/2025,5:48:05 PM
44_lung,12/11/2025,5:48:47 PM,19.9, ,mg,20,mL,Hg 253.7,12/11/2025,5:50:38 PM,0.025028941,1.920636317,0.000480715,0.353165973,0.354940676,0.353,0.355,1.955872225,0.006907475,0.006942186,ug/L,ug/g,1,12/11/2025,5:49:38 PM,2,12/11/2025,5:50:08 PM,3,12/11/2025,5:50:38 PM
43_lung,12/11/2025,5:51:21 PM,20.6, ,mg,20,mL,Hg 253.7,12/11/2025,5:53:12 PM,0.066741405,2.34724661,0.001566585,0.952539488,0.92479562,0.953,0.925,2.363212566,0.022510533,0.021854886,ug/L,ug/g,1,12/11/2025,5:52:11 PM,2,12/11/2025,5:52:41 PM,3,12/11/2025,5:53:12 PM
52_gas,12/11/2025,5:54:54 PM,19.8, ,mg,20,mL,Hg 253.7,12/11/2025,5:56:44 PM,0.062579711,4.831427755,0.003023494,0.892739403,0.901756973,0.893,0.902,4.866492443,0.043445096,0.043883935,ug/L,ug/g,1,12/11/2025,5:55:44 PM,2,12/11/2025,5:56:14 PM,3,12/11/2025,5:56:44 PM
18_gas,12/11/2025,5:57:27 PM,20.2, ,mg,20,mL,Hg 253.7,12/11/2025,5:59:17 PM,0.033455451,2.731037086,0.000913681,0.47424793,0.469552406,0.474,0.47,2.768348468,0.013128835,0.012998847,ug/L,ug/g,1,12/11/2025,5:58:16 PM,2,12/11/2025,5:58:47 PM,3,12/11/2025,5:59:17 PM
3_gi,12/11/2025,5:59:59 PM,20.3, ,mg,20,mL,Hg 253.7,12/11/2025,6:01:50 PM,0.019315744,6.608131012,0.00127641,0.271072066,0.267066075,0.271,0.267,6.766078622,0.018340949,0.018069901,ug/L,ug/g,1,12/11/2025,6:00:49 PM,2,12/11/2025,6:01:20 PM,3,12/11/2025,6:01:50 PM
13_gi,12/11/2025,6:02:32 PM,20.4, ,mg,20,mL,Hg 253.7,12/11/2025,6:04:22 PM,0.040677585,2.293968268,0.000933131,0.578024014,0.56669021,0.578,0.567,2.319681739,0.013408318,0.013145409,ug/L,ug/g,1,12/11/2025,6:03:22 PM,2,12/11/2025,6:03:52 PM,3,12/11/2025,6:04:22 PM
55_brain,12/11/2025,6:05:05 PM,20.1, ,mg,20,mL,Hg 253.7,12/11/2025,6:06:55 PM,0.046530369,3.428664354,0.00159537,0.662123659,0.658829511,0.662,0.659,3.462215321,0.022924147,0.022810096,ug/L,ug/g,1,12/11/2025,6:05:55 PM,2,12/11/2025,6:06:25 PM,3,12/11/2025,6:06:55 PM
11_brain,12/11/2025,6:07:38 PM,19.7, ,mg,20,mL,Hg 253.7,12/11/2025,6:09:29 PM,0.047005715,3.254806774,0.001529945,0.668953984,0.6791411,0.669,0.679,3.28633127,0.021984044,0.022318826,ug/L,ug/g,1,12/11/2025,6:08:29 PM,2,12/11/2025,6:08:59 PM,3,12/11/2025,6:09:29 PM
QAQC,12/11/2025,6:10:12 PM, , ,g, ,mL,Hg 253.7,12/11/2025,6:12:03 PM,0.066549604,1.691894829,0.001125949,0.961891091, ,0.962, ,1.68199481,0.016178958, ,ug/L,ug/g,1,12/11/2025,6:11:03 PM,2,12/11/2025,6:11:33 PM,3,12/11/2025,6:12:03 PM
Standard blank,12/11/2025,6:12:46 PM, , ,g, ,mL,Hg 253.7,12/11/2025,6:14:36 PM,0.000727825,44.74560353,0.00032567,0.016086685, ,0.016, ,29.0899081,0.004679602, ,ug/L,ug/g,1,12/11/2025,6:13:35 PM,2,12/11/2025,6:14:06 PM,3,12/11/2025,6:14:36 PM
47_liver,12/11/2025,6:15:17 PM,20.6, ,mg,20,mL,Hg 253.7,12/11/2025,6:17:07 PM,0.090696072,2.04730708,0.001856827,1.296748203,1.258978838,1.297,1.259,2.057536394,0.026681066,0.025903948,ug/L,ug/g,1,12/11/2025,6:16:07 PM,2,12/11/2025,6:16:37 PM,3,12/11/2025,6:17:07 PM
51_liver,12/11/2025,6:17:50 PM,20, ,mg,20,mL,Hg 253.7,12/11/2025,6:19:40 PM,0.057635352,1.778582367,0.001025092,0.821693063,0.821693063,0.822,0.822,1.792606743,0.014729725,0.014729725,ug/L,ug/g,1,12/11/2025,6:18:40 PM,2,12/11/2025,6:19:10 PM,3,12/11/2025,6:19:40 PM
1_gas,12/11/2025,6:20:23 PM,20.1, ,mg,20,mL,Hg 253.7,12/11/2025,6:22:14 PM,0.022226473,1.389029288,0.000308732,0.312896825,0.311340124,0.313,0.311,1.417791974,0.004436226,0.004414155,ug/L,ug/g,1,12/11/2025,6:21:13 PM,2,12/11/2025,6:21:43 PM,3,12/11/2025,6:22:14 PM
37_gi,12/11/2025,6:22:57 PM,19.9, ,mg,20,mL,Hg 253.7,12/11/2025,6:24:48 PM,0.012544646,0.565903724,7.099062125e-005,0.173777003,0.174650254,0.174,0.175,0.587003091,0.001020076,0.001025202,ug/L,ug/g,1,12/11/2025,6:23:48 PM,2,12/11/2025,6:24:18 PM,3,12/11/2025,6:24:48 PM
46_pec,12/11/2025,6:25:31 PM,20.8, ,mg,20,mL,Hg 253.7,12/11/2025,6:27:22 PM,0.036037216,5.610102405,0.002021725,0.51134575,0.491678606,0.511,0.492,5.681186971,0.029050508,0.027933181,ug/L,ug/g,1,12/11/2025,6:26:21 PM,2,12/11/2025,6:26:51 PM,3,12/11/2025,6:27:22 PM
tuna_1,12/11/2025,6:28:05 PM,20.9, ,mg,20,mL,Hg 253.7,12/11/2025,6:29:56 PM,0.207096483,0.828470264,0.001715733,2.969325604,2.841459909,2.969,2.841,0.830278014,0.024653658,0.023592017,ug/L,ug/g,1,12/11/2025,6:28:55 PM,2,12/11/2025,6:29:26 PM,3,12/11/2025,6:29:56 PM
31_pec,12/11/2025,6:30:39 PM,20.6, ,mg,20,mL,Hg 253.7,12/11/2025,6:32:31 PM,0.021885824,5.331828712,0.001166915,0.308001975,0.299031044,0.308,0.299,5.443989711,0.016767596,0.016279219,ug/L,ug/g,1,12/11/2025,6:31:30 PM,2,12/11/2025,6:32:01 PM,3,12/11/2025,6:32:31 PM
40_lung,12/11/2025,6:33:14 PM,20.3, ,mg,20,mL,Hg 253.7,12/11/2025,6:35:05 PM,0.028028928,4.535980763,0.001271387,0.396273288,0.390417033,0.396,0.39,4.61014518,0.018268774,0.017998792,ug/L,ug/g,1,12/11/2025,6:34:04 PM,2,12/11/2025,6:34:35 PM,3,12/11/2025,6:35:05 PM
28_lung,12/11/2025,6:35:47 PM,20.2, ,mg,20,mL,Hg 253.7,12/11/2025,6:37:38 PM,0.028988063,3.467734603,0.001005229,0.410055269,0.405995315,0.41,0.406,3.522527295,0.014444309,0.014301296,ug/L,ug/g,1,12/11/2025,6:36:38 PM,2,12/11/2025,6:37:08 PM,3,12/11/2025,6:37:38 PM
33_lung,12/11/2025,6:38:22 PM,20.1, ,mg,20,mL,Hg 253.7,12/11/2025,6:40:13 PM,0.030163888,3.569194285,0.001076608,0.426950899,0.424826765,0.427,0.425,3.623358374,0.015469961,0.015392996,ug/L,ug/g,1,12/11/2025,6:39:12 PM,2,12/11/2025,6:39:43 PM,3,12/11/2025,6:40:13 PM
QAQC,12/11/2025,6:40:56 PM, , ,g, ,mL,Hg 253.7,12/11/2025,6:42:48 PM,0.065612141,2.975014562,0.001951971,0.948420516, ,0.948, ,2.957359197,0.028048201, ,ug/L,ug/g,1,12/11/2025,6:41:47 PM,2,12/11/2025,6:42:17 PM,3,12/11/2025,6:42:48 PM
Standard blank,12/11/2025,6:43:31 PM, , ,g, ,mL,Hg 253.7,12/11/2025,6:45:21 PM,0.000583344,60.30862193,0.000351807,0.014010616, ,0.014, ,36.08100369,0.005055171, ,ug/L,ug/g,1,12/11/2025,6:44:20 PM,2,12/11/2025,6:44:51 PM,3,12/11/2025,6:45:21 PM
5_gas,12/11/2025,6:46:03 PM,20, ,mg,20,mL,Hg 253.7,12/11/2025,6:47:54 PM,0.02987333,3.643332018,0.001088385,0.422775824,0.422775824,0.423,0.423,3.699167181,0.015639185,0.015639185,ug/L,ug/g,1,12/11/2025,6:46:54 PM,2,12/11/2025,6:47:24 PM,3,12/11/2025,6:47:54 PM
12_gas,12/11/2025,6:48:37 PM,19.7, ,mg,20,mL,Hg 253.7,12/11/2025,6:50:28 PM,0.023352667,0.930242437,0.000217236,0.329079292,0.334090652,0.329,0.334,0.948557768,0.003121507,0.003169043,ug/L,ug/g,1,12/11/2025,6:49:27 PM,2,12/11/2025,6:49:58 PM,3,12/11/2025,6:50:28 PM
38_gi,12/11/2025,6:51:11 PM,20.5, ,mg,20,mL,Hg 253.7,12/11/2025,6:53:02 PM,0.05596732,1.538633732,0.000861132,0.797724817,0.778268114,0.798,0.778,1.551130604,0.012373754,0.012071955,ug/L,ug/g,1,12/11/2025,6:52:02 PM,2,12/11/2025,6:52:32 PM,3,12/11/2025,6:53:02 PM
35_gi,12/11/2025,6:53:45 PM,19.7, ,mg,20,mL,Hg 253.7,12/11/2025,6:55:36 PM,0.02386649,2.354731154,0.000561992,0.336462502,0.341586297,0.336,0.342,2.400075573,0.008075354,0.008198329,ug/L,ug/g,1,12/11/2025,6:54:36 PM,2,12/11/2025,6:55:06 PM,3,12/11/2025,6:55:36 PM
16_brain,12/11/2025,6:56:20 PM,20.4, ,mg,20,mL,Hg 253.7,12/11/2025,6:58:11 PM,0.025534044,3.894949045,0.000994538,0.360423878,0.353356744,0.36,0.353,3.964966675,0.014290687,0.014010477,ug/L,ug/g,1,12/11/2025,6:57:11 PM,2,12/11/2025,6:57:41 PM,3,12/11/2025,6:58:11 PM
19_brain,12/11/2025,6:58:55 PM,20.1, ,mg,20,mL,Hg 253.7,12/11/2025,7:00:47 PM,0.034566982,2.578708134,0.000891382,0.490219702,0.487780798,0.49,0.488,2.612790568,0.012808414,0.012744691,ug/L,ug/g,1,12/11/2025,6:59:46 PM,2,12/11/2025,7:00:17 PM,3,12/11/2025,7:00:47 PM
1_liver,12/11/2025,7:01:31 PM,20.6, ,mg,20,mL,Hg 253.7,12/11/2025,7:03:22 PM,0.040319834,2.052601938,0.000827606,0.572883428,0.556197503,0.573,0.556,2.075816348,0.011892008,0.011545639,ug/L,ug/g,1,12/11/2025,7:02:22 PM,2,12/11/2025,7:02:52 PM,3,12/11/2025,7:03:22 PM
29_pec,12/11/2025,7:04:06 PM,20, ,mg,20,mL,Hg 253.7,12/11/2025,7:05:58 PM,0.044147976,2.293580964,0.00101257,0.627890648,0.627890648,0.628,0.628,2.317248292,0.014549785,0.014549785,ug/L,ug/g,1,12/11/2025,7:04:57 PM,2,12/11/2025,7:05:28 PM,3,12/11/2025,7:05:58 PM
46_lung,12/11/2025,7:06:41 PM,20, ,mg,20,mL,Hg 253.7,12/11/2025,7:08:33 PM,0.05362426,3.982630498,0.002135656,0.764056994,0.764056994,0.764,0.764,4.016403016,0.030687608,0.030687608,ug/L,ug/g,1,12/11/2025,7:07:32 PM,2,12/11/2025,7:08:02 PM,3,12/11/2025,7:08:33 PM
37_liver,12/11/2025,7:09:16 PM,20.3, ,mg,20,mL,Hg 253.7,12/11/2025,7:11:07 PM,0.050189029,3.773073725,0.001893669,0.714695566,0.704133563,0.715,0.704,3.807279023,0.027210454,0.026808329,ug/L,ug/g,1,12/11/2025,7:10:07 PM,2,12/11/2025,7:10:37 PM,3,12/11/2025,7:11:07 PM
QAQC,12/11/2025,7:11:51 PM, , ,g, ,mL,Hg 253.7,12/11/2025,7:13:42 PM,0.066990542,2.010922006,0.001347128,0.968226994, ,0.968, ,1.99923222,0.019357106, ,ug/L,ug/g,1,12/11/2025,7:12:41 PM,2,12/11/2025,7:13:11 PM,3,12/11/2025,7:13:42 PM
Standard blank,12/11/2025,7:14:25 PM, , ,g, ,mL,Hg 253.7,12/11/2025,7:16:14 PM,0.000821455,46.23940915,0.000379836,0.017432076, ,0.017, ,31.30968779,0.005457929, ,ug/L,ug/g,1,12/11/2025,7:15:14 PM,2,12/11/2025,7:15:44 PM,3,12/11/2025,7:16:14 PM
23_pec,12/11/2025,7:16:56 PM,20, ,mg,20,mL,Hg 253.7,12/11/2025,7:18:47 PM,0.039817652,4.042357186,0.001609572,0.565667483,0.565667483,0.566,0.566,4.088658429,0.023128211,0.023128211,ug/L,ug/g,1,12/11/2025,7:17:47 PM,2,12/11/2025,7:18:17 PM,3,12/11/2025,7:18:47 PM
34_lung,12/11/2025,7:19:31 PM,20, ,mg,20,mL,Hg 253.7,12/11/2025,7:21:23 PM,0.055499156,3.711452369,0.002059825,0.790997697,0.790997697,0.791,0.791,3.741853368,0.029597974,0.029597974,ug/L,ug/g,1,12/11/2025,7:20:22 PM,2,12/11/2025,7:20:53 PM,3,12/11/2025,7:21:23 PM
8_gas,12/11/2025,7:22:07 PM,20, ,mg,20,mL,Hg 253.7,12/11/2025,7:23:59 PM,0.017167093,3.018751022,0.000518232,0.240197731,0.240197731,0.24,0.24,3.100179736,0.007446561,0.007446561,ug/L,ug/g,1,12/11/2025,7:22:58 PM,2,12/11/2025,7:23:29 PM,3,12/11/2025,7:23:59 PM
56_gas,12/11/2025,7:24:43 PM,19.8, ,mg,20,mL,Hg 253.7,12/11/2025,7:26:35 PM,0.022626525,10.13588467,0.002293398,0.318645239,0.321863878,0.319,0.322,10.34198249,0.032954235,0.033287106,ug/L,ug/g,1,12/11/2025,7:25:35 PM,2,12/11/2025,7:26:05 PM,3,12/11/2025,7:26:35 PM
12_gi,12/11/2025,7:27:19 PM,20.1, ,mg,20,mL,Hg 253.7,12/11/2025,7:29:11 PM,0.023324453,6.265507296,0.001461395,0.328673885,0.327038692,0.329,0.327,6.3890196,0.020999039,0.020894566,ug/L,ug/g,1,12/11/2025,7:28:11 PM,2,12/11/2025,7:28:41 PM,3,12/11/2025,7:29:11 PM
51_gi,12/11/2025,7:29:55 PM,19.8, ,mg,20,mL,Hg 253.7,12/11/2025,7:31:47 PM,0.018572766,4.307126447,0.000799952,0.260396076,0.26302634,0.26,0.263,4.414296234,0.011494654,0.011610762,ug/L,ug/g,1,12/11/2025,7:30:47 PM,2,12/11/2025,7:31:17 PM,3,12/11/2025,7:31:47 PM
tuna_2,12/11/2025,7:32:31 PM,23.6, ,mg,20,mL,Hg 253.7,12/11/2025,7:34:23 PM,0.24959692,2.099333557,0.005239872,3.580021656,3.033916657,3.58,3.034,2.103132957,0.075292615,0.063807301,ug/L,ug/g,1,12/11/2025,7:33:22 PM,2,12/11/2025,7:33:53 PM,3,12/11/2025,7:34:23 PM
39_lung,12/11/2025,7:35:07 PM,19.8, ,mg,20,mL,Hg 253.7,12/11/2025,7:36:59 PM,0.038350736,2.544085767,0.000975676,0.544589119,0.550090019,0.545,0.55,2.574353644,0.01401965,0.014161262,ug/L,ug/g,1,12/11/2025,7:35:58 PM,2,12/11/2025,7:36:29 PM,3,12/11/2025,7:36:59 PM
10_gi,12/11/2025,7:37:43 PM,19.7, ,mg,20,mL,Hg 253.7,12/11/2025,7:39:35 PM,0.009785392,8.493258763,0.000831099,0.134128808,0.136171379,0.134,0.136,8.903530378,0.011942199,0.01212406,ug/L,ug/g,1,12/11/2025,7:38:34 PM,2,12/11/2025,7:39:05 PM,3,12/11/2025,7:39:35 PM
35_gas,12/11/2025,7:40:19 PM,20, ,mg,20,mL,Hg 253.7,12/11/2025,7:42:11 PM,0.011773783,3.648129069,0.000429523,0.162700333,0.162700333,0.163,0.163,3.793407431,0.006171887,0.006171887,ug/L,ug/g,1,12/11/2025,7:41:10 PM,2,12/11/2025,7:41:40 PM,3,12/11/2025,7:42:11 PM
QAQC,12/11/2025,7:42:55 PM, , ,g, ,mL,Hg 253.7,12/11/2025,7:44:46 PM,0.066387225,3.306230514,0.002194915,0.959557835, ,0.96, ,3.286837267,0.031539105, ,ug/L,ug/g,1,12/11/2025,7:43:46 PM,2,12/11/2025,7:44:16 PM,3,12/11/2025,7:44:46 PM
Standard blank,12/11/2025,7:45:30 PM, , ,g, ,mL,Hg 253.7,12/11/2025,7:47:20 PM,0.000819867,50.86987454,0.000417065,0.017409261, ,0.017, ,34.42354902,0.005992885, ,ug/L,ug/g,1,12/11/2025,7:46:19 PM,2,12/11/2025,7:46:50 PM,3,12/11/2025,7:47:20 PM
21_brain,12/11/2025,7:48:02 PM,19.9, ,mg,20,mL,Hg 253.7,12/11/2025,7:49:54 PM,0.022991891,6.59581386,0.001516502,0.32389524,0.325522855,0.324,0.326,6.727755843,0.021790881,0.021900383,ug/L,ug/g,1,12/11/2025,7:48:53 PM,2,12/11/2025,7:49:23 PM,3,12/11/2025,7:49:54 PM
38_brain,12/11/2025,7:50:37 PM,20.3, ,mg,20,mL,Hg 253.7,12/11/2025,7:52:29 PM,0.079034245,3.85413292,0.003046085,1.129177418,1.112490067,1.129,1.112,3.876247754,0.043769714,0.043122871,ug/L,ug/g,1,12/11/2025,7:51:29 PM,2,12/11/2025,7:51:59 PM,3,12/11/2025,7:52:29 PM
57_liver,12/11/2025,7:53:13 PM,20.6, ,mg,20,mL,Hg 253.7,12/11/2025,7:55:05 PM,0.045830447,4.000140858,0.001833282,0.652066361,0.633074137,0.652,0.633,4.039887704,0.026342749,0.025575484,ug/L,ug/g,1,12/11/2025,7:54:05 PM,2,12/11/2025,7:54:35 PM,3,12/11/2025,7:55:05 PM
33_pec,12/11/2025,7:55:50 PM,20.5, ,mg,20,mL,Hg 253.7,12/11/2025,7:57:42 PM,0.021315425,3.354218421,0.000714966,0.299805823,0.292493486,0.3,0.292,3.426707145,0.010273468,0.010022895,ug/L,ug/g,1,12/11/2025,7:56:41 PM,2,12/11/2025,7:57:12 PM,3,12/11/2025,7:57:42 PM
tuna_3,12/11/2025,7:58:26 PM,16.1, ,mg,20,mL,Hg 253.7,12/11/2025,8:00:18 PM,0.214857639,1.785727411,0.003836772,3.080846989,3.827139117,3.081,3.827,1.78948288,0.055131229,0.068485999,ug/L,ug/g,1,12/11/2025,7:59:18 PM,2,12/11/2025,7:59:48 PM,3,12/11/2025,8:00:18 PM
